Date,Close,High,Low,Open,Volume,Daily_Return,MA_50,MA_200
2024-05-10,181.6451416015625,183.669478466616,180.73220418072017,183.48093424482693,50759500,,,
2024-05-13,184.85035705566406,185.6640710757596,183.2030934113359,184.01680743143146,72044800,0.017645478573449447,,
2024-05-14,185.9915313720703,186.8548647149755,184.8602810891409,186.07091921634225,52393600,0.00617350344669676,,
2024-05-15,188.26397705078125,189.18683240943687,185.9320062923224,186.46787049037354,70400000,0.012218006174512297,,
2024-05-16,188.38304138183594,189.6333810173086,188.2044300863017,189.00821119957226,52845200,0.0006324328898170695,,
2024-05-17,188.41281127929688,189.34559954047234,187.72810435814964,188.0555735439889,41282900,0.00015802854249824527,,
2024-05-20,189.57382202148438,190.44707314635468,187.5594028379898,187.87695420764547,44361300,0.006162058377582769,,
2024-05-21,190.87376403808594,191.25083732912466,189.4547310855792,189.62342455766938,42309400,0.006857181032380311,,
2024-05-22,189.4348907470703,191.34016861791716,188.80973611420333,190.79438668312676,34648500,-0.0075383502717980555,,
2024-05-23,185.44577026367188,189.5341459487459,185.19768892080702,189.51429520164533,51005900,-0.02105800292473381,,
2024-05-24,188.52195739746094,189.11735863774422,186.59684388111853,187.37087155015982,36327000,0.016588068465596573,,
2024-05-28,188.5319061279297,191.51880009814326,187.64873713728954,190.04022981736387,52280100,5.277226380462352e-05,,
2024-05-29,188.82957458496094,190.7745388343773,188.05556206266323,188.15480064928906,53068000,0.0015788757624359828,,
2024-05-30,189.8218994140625,190.70506832278696,189.16697622567534,189.29596821795033,49889100,0.005255134590451016,,
2024-05-31,190.77455139160156,191.09210277636024,188.45251367186646,189.9707702687458,75158300,0.005018662127392437,,
2024-06-03,192.5408935546875,193.49353258818425,191.04248767189634,191.41956102246726,50080500,0.009258793430263035,,
2024-06-04,192.85842895507812,193.82098571162214,191.54855228534223,193.14619663099631,47471400,0.00164918420460336,,
2024-06-05,194.36676025390625,195.38885414673365,193.3744349100596,193.90036613096368,54156800,0.007820924949976993,,
2024-06-06,192.98741149902344,194.99191275531385,192.67979309240934,194.1881317208236,41181800,-0.007096628832424456,,
2024-06-07,195.3789520263672,195.4285713258788,192.65005711175448,193.15613762673084,53103900,0.012392209982856173,,
2024-06-10,191.6378631591797,195.7857909182053,190.6753063763642,195.3888517006261,97010200,-0.01914786023973869,,
2024-06-11,205.56019592285156,205.57012886730556,192.14396771907968,192.1638033246204,172373300,0.07264917555518546,,
2024-06-12,211.4347686767578,218.51003809526938,205.3121079690946,205.77850209290926,198134300,0.028578357437015756,,
2024-06-13,212.59579467773438,215.08652592836702,209.9760562824749,213.09195736730385,97862700,0.005491178240185857,,
2024-06-14,210.85919189453125,213.5186162217459,209.67832245756608,212.2087548022513,70122700,-0.00816856601437288,,
2024-06-17,215.0071258544922,217.2696263789355,211.08744385812574,211.73244926121387,93728300,0.019671582361160178,,
2024-06-18,212.64540100097656,216.95210469802018,211.36530791117931,215.92007781385274,79943300,-0.01098440269888512,,
2024-06-20,208.07078552246094,212.59580212894483,207.2471687535905,212.28816853161533,86172500,-0.021512882277170076,,
2024-06-21,205.89759826660156,210.26382387597764,205.5205097773767,208.77533580800622,241805100,-0.010444461246217451,,
2024-06-24,206.54261779785156,211.06761941054305,205.0045103276704,206.12584292738626,80727000,0.0031327200350088624,,
2024-06-25,207.4654541015625,209.75772308170346,207.0089778092255,207.54482679949032,55549700,0.004468018821249364,,
2024-06-26,211.61337280273438,213.21101716086312,209.02340313251779,209.87680350658064,66213200,0.019993298253603742,,
2024-06-27,212.4568634033203,214.0842763709762,210.7202940415425,213.04233172557286,49772700,0.003985998566226057,,
2024-06-28,209.00355529785156,214.41174043740799,208.68601906723538,214.1140398112984,82542700,-0.016254161198422268,,
2024-07-01,215.08651733398438,215.84067914098924,210.29358412725625,210.46227761796723,60402900,0.029104586414637534,,
2024-07-02,218.5795135498047,218.6886699462021,213.44919320249295,214.4911227279333,58046200,0.016239958966820955,,
2024-07-03,219.84970092773438,219.84970092773438,217.34903661716913,218.31159349071294,37369800,0.005811099847837564,,
2024-07-05,224.60293579101562,224.71209219476,219.9489270685169,219.9489270685169,60412400,0.021620383576703928,,
2024-07-08,226.07159423828125,226.10136279083508,221.53665960457084,225.34718574831138,59085900,0.006538910286694399,,
2024-07-09,226.92495727539062,227.63943274976205,224.63268810415036,226.180713251394,48076100,0.0037747468450632926,,
2024-07-10,231.19195556640625,231.29119415797783,227.49058625437067,227.54020555015646,62627700,0.01880356547048856,,
2024-07-11,225.823486328125,230.60648662367137,224.03729767642758,229.61416127735984,64710600,-0.02322083060861191,,
2024-07-12,228.7706756591797,230.8545649156238,226.92494993371525,227.16311346469493,53046500,0.01305085391681704,,
2024-07-15,232.60107421875,235.40935699641528,231.3011303310065,234.66511292556817,62631300,0.016743398377145224,,
2024-07-16,233.01785278320312,234.4567215545301,230.54695713829173,233.19646408342908,43234300,0.001791817023429454,,
2024-07-17,227.12344360351562,229.6836449661141,224.9006292447048,227.6890612108438,57345900,-0.025295955263872405,,
2024-07-18,222.45948791503906,228.67145424701283,220.56415801938329,228.51267855827928,66034600,-0.020534893335882654,,
2024-07-19,222.58848571777344,225.05938116686082,221.5663918696606,223.09458131167176,49151500,0.0005798709865934004,,
2024-07-22,222.24118041992188,226.03185518490554,221.37784711424985,225.2677604657143,48201800,-0.00156030217255676,,
2024-07-23,223.2831268310547,225.19832267550643,220.97100689389265,222.64803919770813,39960300,0.0046883588773425355,206.16988037109374,
2024-07-24,216.86276245117188,223.07472846403482,215.4635952984219,222.2808652028311,61777600,-0.028754364340036864,206.87423278808595,
2024-07-25,215.8208465576172,219.15506035064124,212.97286249707204,217.24978234747041,51391200,-0.0048044942422481585,207.493642578125,
2024-07-26,216.2872314453125,217.80548795978973,214.35218497553956,217.02154248476683,41601300,0.0021609816434984275,208.09955657958983,
2024-07-29,216.56509399414062,217.61695646267233,214.0941983741811,215.29491873308154,36311800,0.0012846923369971286,208.66557891845704,
2024-07-30,217.1208038330078,218.63906050664175,214.4613638470993,217.50781013919521,41643800,0.002566017582142033,209.24033416748046,
2024-07-31,220.3756103515625,222.10226187087767,218.93674165630796,219.7405227481965,50036300,0.014990763027286969,209.8795901489258,
2024-08-01,216.68417358398438,222.7572001483694,215.35446119036925,222.64804374939,62501000,-0.016750659302493642,210.4217971801758,
2024-08-02,218.1726531982422,223.86860618805187,216.0391597412521,217.46809553371503,105568600,0.006869350860462697,210.9677749633789,
2024-08-05,207.6639404296875,211.8614726265992,194.4957781490091,197.562059997048,119548600,-0.04816695683214689,211.33235595703124,
2024-08-06,205.6395721435547,208.3783997216886,199.52685967053256,203.72439154098564,69660500,-0.00974828986652232,211.7362319946289,
2024-08-07,208.20973205566406,212.0004073803907,204.8060479069825,205.31212843272615,63516400,0.01249837220199601,212.12998748779296,
2024-08-08,211.67291259765625,212.5560815310077,207.22729938249148,211.47445056104476,47161100,0.01663313480979034,212.5928076171875,
2024-08-09,214.5804443359375,215.11629337558463,210.3432107490655,210.47221789303094,42201600,0.013735965091612012,213.10782501220703,
2024-08-12,216.11038208007812,218.07745621052726,214.19298467780987,214.65991863613397,38028100,0.007129902954928324,213.63359466552734,
2024-08-13,219.82598876953125,220.44193777769505,217.58072790378117,217.58072790378117,44155300,0.017193096665186314,214.21462341308595,
2024-08-14,220.27304077148438,221.5744891931242,218.2662191901357,219.13055181670978,41960600,0.0020336631007802364,214.76926635742188,
2024-08-15,223.25347900390625,223.8793724762866,221.30626328939533,223.13426697458056,46414000,0.013530653692268357,215.37716735839842,
2024-08-16,224.57481384277344,225.34972239527664,222.19046700804645,222.4587092482856,44340200,0.005918540865578414,215.98132843017578,
2024-08-19,224.41583251953125,224.51518597934856,221.58442566604344,224.2469437652095,40687800,-0.0007079214294862801,216.60989685058593,
2024-08-20,225.03179931640625,225.68749582093912,223.97871925960482,224.2966382287883,30299000,0.002744756419186256,217.2029537963867,
2024-08-21,224.9224853515625,226.4921759358446,223.58130467937312,225.04171252806572,34765500,-0.0004857711895643879,217.86864624023437,
2024-08-22,223.06471252441406,226.84984597984075,222.43881906323927,226.30343225653021,43695300,-0.008259613636425356,218.2187365722656,
2024-08-23,225.359619140625,226.7306179936649,222.8660050723941,224.18732719786422,38677300,0.01028807555547262,218.49723358154296,
2024-08-26,225.6974334716797,225.79678694303573,222.4289104293405,225.28017617856477,30602200,0.0014990011624216315,218.75926635742186,
2024-08-27,226.54188537597656,227.35654136968387,223.4223774795666,224.52513427640764,35934600,0.0037415219628664786,219.0729202270508,
2024-08-28,225.0119171142578,228.35991942602843,224.20719049274723,226.43257756563742,38052200,-0.006753577861239979,219.2730160522461,
2024-08-29,228.29039001464844,231.3999685703833,227.38634017099784,228.59837969678284,51906300,0.014570218957451253,219.58591583251953,
2024-08-30,227.50552368164062,228.89638108151303,225.9954391052015,228.68776005113654,52990800,-0.003438017399494786,219.97461059570313,
2024-09-03,221.31619262695312,227.50553099413642,219.7266282681139,227.05847075546578,50190600,-0.027205190250011335,220.28298248291014,
2024-09-04,219.40875244140625,220.33267604173963,216.0607345474831,220.21346400536402,43840200,-0.008618620096912721,220.54030517578124,
2024-09-05,220.92874145507812,224.00850159902006,220.07435325324454,220.1836359939166,36615400,0.006927658977860407,220.80957092285155,
2024-09-06,219.37890625,223.77005891628232,218.3357556594125,222.48846914066658,48423000,-0.007015090906102195,220.96488159179688,
2024-09-09,219.4683380126953,219.82598924771256,215.2957503769675,219.37892899374344,67180000,0.00040765889585303583,221.10511108398438,
2024-09-10,218.67355346679688,220.03460793809228,215.31560663834654,217.49131703149231,51591000,-0.0036214086874456486,221.2985110473633,
2024-09-11,221.20692443847656,221.63411098197892,216.4680492147489,220.01475867053273,44587100,0.011585173110859825,221.42091918945312,
2024-09-12,221.31619262695312,222.09110108310472,218.38544755210194,221.04795042006705,37455600,0.000493963689219612,221.4756527709961,
2024-09-13,221.04794311523438,222.57788625371046,220.461797151476,222.12089674811224,36766600,-0.0012120645513313821,221.4996176147461,
2024-09-16,214.90830993652344,215.80243050187988,212.52396316355507,215.12686027714844,59357400,-0.02777512014898187,221.30572509765625,
2024-09-17,215.37521362304688,215.48449636527135,213.10016491936787,214.34200737227792,45519300,0.0021725715802303203,221.09179748535155,
2024-09-18,219.24978637695312,221.25660816461058,216.12033408306178,216.13027852526886,59894900,0.01798987306258737,220.9382940673828,
2024-09-19,227.3763885498047,228.32020097310811,223.16406850984052,223.52171975466862,66781300,0.037065496423698274,220.8619827270508,
2024-09-20,226.71075439453125,231.56884144729943,226.1345376792504,228.46920754640476,318679900,-0.0029274550427984547,220.8797280883789,
2024-09-23,224.99203491210938,227.95258288382507,224.336338501163,225.8563523524968,54146000,-0.007581111390202899,220.8041552734375,
2024-09-24,225.88616943359375,227.85325878901892,224.25687274556688,227.15781488965328,43556100,0.003974071890294528,220.66985717773437,
2024-09-25,224.8927001953125,225.80669443859438,222.55804543582803,223.462095237407,42308700,-0.004398096797038842,220.50735412597658,
2024-09-26,226.03518676757812,227.00878694842402,223.93895622483703,225.81662129607273,36636700,0.005080140757229623,220.48558898925782,
2024-09-27,226.3034210205078,228.02214184296878,225.8166284941723,226.9690618971705,34026000,0.001186692464857364,220.5624676513672,
2024-09-30,231.47943115234375,231.47943115234375,228.1512873446241,228.5387415800987,54541900,0.02287199242722404,220.7402865600586,
2024-10-01,224.73374938964844,228.15128705136544,222.2798675150603,228.02214574584622,63285000,-0.02914160333431859,220.79013793945313,
2024-10-02,225.30001831054688,225.8861642954019,221.56456176324298,224.41582711263038,32880600,0.0025197324497827633,220.83047576904298,
2024-10-03,224.197265625,225.3298253274289,221.8626109260752,223.67072564154154,34044200,-0.004894596519858574,220.97716583251952,
2024-10-04,225.3199005126953,226.5120662505933,222.66732681912907,226.41271278943105,37245100,0.00500735316537293,221.1671469116211,
2024-10-07,220.2432403564453,224.21713611955545,219.885589131397,223.0348997045567,39505400,-0.022530900043442714,221.24626708984374,
2024-10-08,224.29664611816406,224.5052671847193,221.79308720502203,222.83623801543217,31855700,0.018404223235903405,221.40089813232422,
2024-10-09,228.0419921875,228.25062837641602,223.3627386107029,223.76012210676075,33591100,0.016698181333316908,221.61932189941408,
2024-10-10,227.54525756835938,228.00226223679437,225.68746620848788,226.2934858996686,28183500,-0.002178259426589335,221.76271484375,
2024-10-11,226.06500244140625,227.91286461183438,225.85636623992795,227.80358186995707,31759200,-0.0065053218105783905,221.95033142089844,
2024-10-14,229.79052734375,230.21771386522883,227.1081507143634,227.20748901369805,39882100,0.016479883494170622,222.18268890380858,
2024-10-15,232.32388305664062,235.9401275315396,230.853530735341,232.08544385770335,64751400,0.011024630745987585,222.67588775634766,
2024-10-16,230.2674102783203,230.60518781150915,228.3400682278028,230.08859222870646,34082200,-0.008851749339171211,223.16844451904296,
2024-10-17,230.63497924804688,232.3238971476739,229.0156269629083,231.9066247344228,32993800,0.0015962700465614876,223.61694946289063,
2024-10-18,233.46636962890625,234.6386615701971,232.4828249974097,234.6386615701971,46431500,0.012276500252003109,224.05281860351562,
2024-10-21,234.9366912841797,235.30428691612863,232.91994058587363,232.91994058587363,36254500,0.0062977878039158774,224.45994354248046,
2024-10-22,234.32077026367188,234.67842149785605,231.0820505913223,232.36362533760988,38846600,-0.002621646781271747,224.82415130615234,
2024-10-23,229.25404357910156,233.60546433739609,226.27362172475395,232.55238437433343,52287000,-0.02162303699697188,225.01271240234374,
2024-10-24,229.06529235839844,229.31366084202813,226.91938502162782,228.4791312160334,31109500,-0.0008233277710454345,225.18855743408204,
2024-10-25,229.89981079101562,231.69799621804017,228.07182235817814,228.2407111108546,38802300,0.0036431465632580373,225.3214840698242,
2024-10-28,231.8768310546875,233.1981533252385,231.03238723011694,231.79736647290133,36087100,0.008599486258251243,225.4675244140625,
2024-10-29,232.14508056640625,232.80077708078602,230.8038996879506,231.57880823795904,35417200,0.00115686207413912,225.622109375,
2024-10-30,228.59835815429688,231.94636045913163,228.05194445904854,231.09197226998216,47070900,-0.015278042521753243,225.69344055175782,
2024-10-31,224.4357147216797,228.33013097812315,223.89923027313517,227.84332326136388,64370100,-0.018209419639871327,225.68370513916017,
2024-11-01,221.4552764892578,223.87935529424118,218.83250593091054,219.5279346472888,65276700,-0.013279696754671555,225.65151641845702,
2024-11-04,220.56114196777344,221.33605042122997,218.2761640538016,219.54780947276666,44944500,-0.004037539929773293,225.555546875,
2024-11-05,221.99176025390625,222.48849724939907,219.69683776020295,220.3525342324639,28111300,0.0064862662269939975,225.48143341064454,
2024-11-06,221.26649475097656,224.59463817705685,219.7464809892452,221.15721202226086,54561100,-0.003267082985873637,225.37592559814453,
2024-11-07,225.99545288085938,226.39285156162418,223.10445516924474,223.16406118155706,42137700,0.021372228701887375,225.39559631347657,
2024-11-08,225.7269287109375,227.4176895436531,225.17991383614745,225.9357792784742,38328800,-0.0011881839501586278,225.34432708740235,
2024-11-11,223.01174926757812,224.47376393957063,220.29658566640109,223.77757009002366,42005600,-0.012028602253461695,225.2544515991211,
2024-11-12,223.01174926757812,224.36436096493557,222.14648085284745,223.33001798502116,40398300,0.0,225.2883627319336,
2024-11-13,223.89691162109375,225.4185978724207,221.54973296285615,222.79294167641658,48566200,0.003969128785468401,225.37812591552733,
2024-11-14,226.98007202148438,227.62653447284012,223.77756520755418,223.7974607959322,44923900,0.013770446309721018,225.49915252685548,
2024-11-15,223.77757263183594,225.68713943052106,223.0515429787679,225.16996034674554,47923700,-0.014109165448433325,225.5871258544922,
2024-11-18,226.78115844726562,228.49181480220403,223.94663659117114,224.02620376766677,44633700,0.013422193207767386,225.7333822631836,
2024-11-19,227.0397491455078,228.90953992555222,225.4285554930197,225.74680903538962,36211800,0.0011402653554322129,225.9007061767578,
2024-11-20,227.75582885742188,228.68076882556113,224.66272507245372,226.82093350733243,35169600,0.003153983893168899,226.03168426513673,
2024-11-21,227.27845764160156,228.90954693288327,224.48372676835862,227.63650237265796,42108300,-0.002095978040233426,226.1509295654297,
2024-11-22,228.62112426757812,229.46651233539,226.82096032466632,226.82096032466632,38168300,0.005907584202695659,226.30239318847657,
2024-11-25,231.60479736328125,231.982737654973,228.4918131754458,230.2024695182051,90152800,0.013050732320828873,226.63632293701173,
2024-11-26,233.7829132080078,234.29015208323423,232.06231657216094,232.06231657216094,45986200,0.009404450467017211,227.00447692871094,
2024-11-27,233.6536102294922,234.40949083683986,232.53970008294309,233.19611792325418,33498400,-0.0005530899446042348,227.2925534057617,
2024-11-29,236.04055786132812,236.51794571126388,232.69881256000565,233.53424509136474,28481400,0.010215753266091143,227.4658367919922,
2024-12-02,238.28826904296875,239.48174623326935,235.8714788708015,235.98088183183904,48137100,0.0095225634187881,227.69738708496095,
2024-12-03,241.3316650390625,241.44106801091166,237.60203896586935,238.5070985351772,38861000,0.012771908614372274,228.0241796875,
2024-12-04,241.68971252441406,242.78374225546824,239.9392801306149,241.55047375645148,44383900,0.0014836324329574602,228.3402505493164,
2024-12-05,241.7195281982422,243.21137852046672,240.8144838697662,242.66437887636008,40033900,0.00012336343784236092,228.676787109375,
2024-12-06,241.5206298828125,243.30091318780651,240.76476447856876,241.59025685240857,36870600,-0.0008228475246176981,228.9864959716797,
2024-12-09,245.40940856933594,245.89675186527563,240.43657354260168,240.516140724136,44649200,0.016101227826419207,229.36861572265624,
2024-12-10,246.4238739013672,246.861485816723,244.0070681600661,245.54865007065558,36914800,0.004133767070892969,229.66750457763672,
2024-12-11,245.1508331298828,249.43741460876686,244.92207178593077,246.61284788068906,45205800,-0.005166061028623825,230.0758462524414,
2024-12-12,246.6128387451172,247.3885997871069,244.34521203481492,245.54864477609476,32777500,0.00596369833448529,230.50210266113282,
2024-12-13,246.7819061279297,247.9355922748061,244.90217516923994,246.47359279661413,33155300,0.000685557912040613,230.9537954711914,
2024-12-16,249.67608642578125,250.01425073054844,246.3045049916291,246.6426692963963,51694800,0.011727684347941025,231.44091918945313,
2024-12-17,252.1028289794922,252.45093348613432,248.42293425963442,248.72130738305802,51356400,0.009719563408938203,232.07811096191406,
2024-12-18,246.70233154296875,252.89847930582897,246.39401822090946,250.79000225751088,56774100,-0.021421804183572868,232.52622467041016,
2024-12-19,248.43289184570312,250.63089166027345,245.74756389880645,246.15534002348284,60882300,0.0070147707640653145,232.93404266357422,
2024-12-20,253.10736083984375,253.6145845456153,244.35516822034685,246.69239156062656,147495300,0.018815821686944068,233.4452847290039,
2024-12-23,253.8831329345703,254.2610580907384,252.07301363460223,253.38584941381717,40858800,0.0030649922315670874,234.0016473388672,
2024-12-24,256.7972106933594,256.80713572411884,253.90300191480816,254.10192745486222,23234700,0.011478028197879686,234.54178100585938,
2024-12-26,257.61273193359375,258.6868812844183,256.23029959445824,256.78725468311694,27237100,0.0031757402583636463,235.04755798339843,
2024-12-27,254.2013702392578,257.29448932345014,251.68511699924173,256.42919055718573,42355300,-0.01324220922130237,235.5262371826172,
2024-12-30,250.82980346679688,252.122743648892,249.38768429964367,250.8596392638085,35557500,-0.013263369781553735,235.9301336669922,
2024-12-31,249.0594482421875,251.90391026277229,248.07482152033188,251.06847768562102,39480700,-0.0070579939071862,236.24199523925782,
2025-01-02,242.52516174316406,247.74663833648884,240.50619200781614,247.57754859678104,55740700,-0.02623585069806078,236.3937646484375,
2025-01-03,242.03782653808594,242.85336358935695,240.5758118291158,242.03782653808594,40244100,-0.0020094212145881363,236.54810577392578,
2025-01-06,243.66891479492188,245.98625772407811,241.87869116125097,242.98266113735735,45045600,0.006738980762493574,236.83640319824218,
2025-01-07,240.89407348632812,244.215923537777,240.0387452815234,241.6598791297847,40856000,-0.011387752561417774,237.07297882080078,
2025-01-08,241.38140869140625,242.38593107741448,238.74581220273618,240.6056476428208,37628900,0.002023026959630858,237.3026107788086,
2025-01-10,235.56321716308594,238.85523174451487,231.73412786407496,238.70603757812466,61710900,-0.024103726794297398,237.37633850097657,
2025-01-13,233.12649536132812,233.39503269669683,228.47192915300568,232.2612269401141,49630700,-0.010344237233229858,237.395966796875,
2025-01-14,232.01258850097656,234.8371551382162,231.20699165927476,233.47460320476435,39435300,-0.004778122103303195,237.4642514038086,
2025-01-15,236.57763671875,237.66172623332486,233.15632396556444,233.36518970349533,39832000,0.019675864345413352,237.70708984375,
2025-01-16,227.0198516845703,236.7168796666606,226.79110553013876,236.06047699847062,71759100,-0.040400205052104066,237.81838134765624,
2025-01-17,228.7305145263672,231.0279618693864,227.2386640256131,230.85888730040747,68488300,0.007535300675703516,237.9817687988281,
2025-01-21,221.4303741455078,223.20070201452856,218.18809151282764,222.78298573737737,98070400,-0.03191590066579353,237.97054107666017,
2025-01-22,222.61392211914062,222.90233985709415,218.59586314481808,218.59586314481808,64126500,0.005345011849436032,237.99748962402344,
2025-01-23,222.44485473632812,225.7965406078772,221.09224303438072,223.51898889751178,60234800,-0.0007594645528145039,237.92647766113282,
2025-01-24,221.56964111328125,224.40416321125562,220.207089142254,223.5587751677507,54697900,-0.0039345195198347005,237.84333190917968,
2025-01-27,228.6111602783203,230.88871192185238,222.76310174211312,222.80289291870474,94863400,0.03178016234380676,237.95532012939452,
2025-01-28,236.9655303955078,238.88505261672515,229.5560092044273,229.59580038333414,75707600,0.03654401695445042,238.23439575195312,
2025-01-29,238.05955505371094,238.55683854812662,232.73861559310797,232.84801856891494,45486100,0.004616809273387368,238.51764862060546,
2025-01-30,236.29916381835938,239.48177510143526,235.9212386876704,237.37329797187644,55658300,-0.007394751430810587,238.70403045654297,
2025-01-31,234.7178192138672,245.84702671405668,232.17173004375724,245.84702671405668,100959800,-0.006692129497790966,238.9228353881836,
2025-02-03,226.77120971679688,230.5704628324937,224.47376244068877,228.7404632470789,73063300,-0.03385601282291062,238.92263641357422,
2025-02-04,231.53518676757812,231.8633956790269,225.4185909783935,226.01533721300711,45067300,0.021007856582547335,239.01254516601563,
2025-02-05,231.2069854736328,231.4058958330951,227.0298072213747,227.2883891710869,39620300,-0.0014175007199868084,239.08156829833985,
2025-02-06,231.95291137695312,232.5297620441898,229.17806101517482,230.03338922164468,29925300,0.0032262256341100137,239.17505737304688,
2025-02-07,226.39328002929688,232.72866665415378,226.0252799376335,231.33627899238985,39707200,-0.023968793125519916,239.13050048828126,
2025-02-10,226.66209411621094,229.58933825388894,226.21404995469493,228.57377553913867,33115600,0.0011873766168293276,239.03164642333985,
2025-02-11,231.6105499267578,234.20922454356437,227.1400438259152,227.2097321635687,53718400,0.02183186310812868,238.98819915771483,
2025-02-12,235.8420867919922,235.9317077791751,229.67894615315132,230.19669384296432,45243300,0.018270052320900287,239.03196868896484,
2025-02-13,240.4818878173828,241.28837041996871,234.54775953627293,235.88194100703416,53614100,0.019673337734171348,239.12079528808593,
2025-02-14,243.53855895996094,244.484433375407,239.94422402720738,240.2030902821229,40896200,0.012710608563166748,239.22580108642578,
2025-02-18,243.40911865234375,244.11602908498713,240.7905267294893,243.0905000064508,48822500,-0.0005314982077990749,239.2673501586914,
2025-02-19,243.80738830566406,244.94244069837237,242.10481731288857,243.59830810290342,32204200,0.0016362150092212868,239.3097036743164,
2025-02-20,244.76321411132812,245.70908851524857,243.2298884862767,243.87707690453925,32316900,0.003920413619564744,239.37057739257813,
2025-02-21,244.48443603515625,247.61080936192474,244.15586625078134,244.88269415360097,53197400,-0.0011389704828973501,239.429853515625,
2025-02-24,246.0277099609375,247.7800669312537,243.3593319822528,243.86711335623195,51326400,0.006312360618159429,239.44221954345704,
2025-02-25,245.9679718017578,248.91513366913293,243.84722519384715,246.92381259977986,48013300,-0.000242810694735085,239.43310150146485,
2025-02-26,239.3169403076172,243.91688660847365,238.09228223905913,243.26971340939616,44433600,-0.027040233919158996,239.31642364501954,
2025-02-27,236.27023315429688,241.4078448384303,236.0312691715791,238.3710773588995,41153600,-0.012730846171625343,239.10957153320314,224.15300758361818
2025-02-28,240.79054260253906,241.03945773883657,229.20105446423008,235.9217631442628,56833400,0.019131946449175263,238.98974426269533,224.44873458862304
2025-03-03,236.9970703125,242.97103338088397,235.08540395372597,240.7407483660274,47184000,-0.015754241213288722,238.7361639404297,224.70946815490723
2025-03-04,234.9061737060547,239.02822274747484,233.6615980851158,236.6784633674393,53798100,-0.008822457609658607,238.39223083496094,224.95404136657714
2025-03-05,234.71701049804688,235.5234930679701,228.235250954078,234.39839184729655,47227600,-0.0008052713346075047,238.1525244140625,225.18630653381348
2025-03-06,234.3087921142578,236.82781201573715,232.1482106078643,233.42265485870865,45170400,-0.001739193861249655,237.8700424194336,225.41593528747558
2025-03-07,238.03256225585938,240.32256924437755,233.74125275300776,234.08974000390756,46273600,0.015892575383111174,237.5685464477539,225.6640340423584
2025-03-10,226.4928436279297,235.13518456664028,223.24699590534985,234.5178647329352,72071200,-0.04847957993043717,237.0207406616211,225.84862915039062
2025-03-11,219.8816680908203,224.85997074742775,216.5063794973434,222.83878108425105,76137400,-0.029189335217892576,236.28242980957032,225.9936686706543
2025-03-12,216.0384063720703,220.78771110845915,213.9773970817033,219.18469713036333,62547500,-0.017478772796841624,235.45094329833984,226.1266862487793
2025-03-13,208.7700958251953,215.89902897504837,207.51556900756947,215.01289169752292,61368300,-0.03364360378754694,234.5423178100586,226.24330787658693
2025-03-14,212.56356811523438,213.0215634427817,208.67053186821337,210.33328309966757,60107600,0.018170573113188482,233.77699310302734,226.3635159301758
2025-03-17,213.07135009765625,214.28605714072168,209.0588394397278,212.3843419118567,48073400,0.002388847660604654,233.0572311401367,226.4862131500244
2025-03-18,211.7670135498047,214.21632963340127,210.57222410469132,213.23063555765447,42432400,-0.006121595171071803,232.44206817626954,226.60090034484864
2025-03-19,214.3059539794922,217.81066771448715,212.82241448637808,213.29037609854922,54385400,0.011989310266635966,231.88743072509766,226.72332061767577
2025-03-20,213.17091369628906,216.5462020975973,211.29906714235267,213.0613904363763,48862900,-0.00529635440418863,231.277470703125,226.83530242919923
2025-03-21,217.3227996826172,217.89031821027265,210.3631280198309,210.64191171632342,94127800,0.019476794063206126,230.8060452270508,226.95921195983885
2025-03-24,219.7721405029297,220.5188858867363,217.63147647971348,220.04097309502072,44299500,0.01127051935595147,230.37385986328124,227.09378051757812
2025-03-25,222.77903747558594,223.12752472855482,219.1249652538438,219.81197343150768,34493600,0.013681884181385495,230.11817626953126,227.23584190368652
2025-03-26,220.5686492919922,224.04350959032922,219.51325168877747,222.54005264880033,34466100,-0.009921885867901659,229.86701934814454,227.37374809265137
2025-03-27,222.8785858154297,224.0136380596445,219.60285460337076,220.42925455550719,37094800,0.010472642104180307,229.68433929443358,227.51124626159668
2025-03-28,216.9544219970703,222.8387793372666,216.73537546649092,220.7080664246457,39818600,-0.026580228857272514,229.291875,227.63782905578614
2025-03-31,221.1660614013672,224.6409066608951,215.29165561007284,216.0682695484103,65299300,0.019412553869742055,229.17479919433595,227.7158583831787
2025-04-01,222.22146606445312,222.70932997882656,217.95007407622174,218.85612876373423,36412700,0.004772000986040137,229.04461822509765,227.7697918701172
2025-04-02,222.91842651367188,224.21278818927524,220.06088576879955,220.3595869543347,35905900,0.003136332693514765,229.07437927246093,227.82140502929687
2025-04-03,202.30825805664062,206.58960121618028,200.37667426890133,204.64805110026137,103419000,-0.09245610055374764,228.66826599121094,227.77865036010743
2025-04-04,187.56253051757812,199.01262630823254,186.52703508606032,193.0486144227304,125910900,-0.07288742279088833,227.97061950683593,227.64142738342287
2025-04-07,180.6725616455078,193.30748067285785,173.86223225537526,176.43103817745248,160466300,-0.03673424992218577,227.15267791748047,227.4815631866455
2025-04-08,171.67178344726562,189.5140179775097,168.47572171547168,185.88981432593783,120859500,-0.04981818000622773,226.01389038085938,227.29956817626953
2025-04-09,197.98709106445312,199.7394480269994,171.14407803694525,171.20381523449285,184395900,0.1532884850891707,225.23432159423828,227.26001564025879
2025-04-10,189.5936737060547,193.93475416517637,182.20587449762067,188.24954112448538,121880000,-0.042393760690519144,224.26500396728517,227.1752709197998
2025-04-11,197.2901153564453,198.67408279715283,185.2525839628914,185.2924188893916,87435900,0.04059440117354951,223.48482299804687,227.12439422607423
2025-04-14,201.64117431640625,212.01595519155484,200.28707539108044,210.52246440005902,101352900,0.02205411534227064,222.82329010009767,227.07453323364257
2025-04-15,201.2628173828125,202.62686743682656,198.93297540670014,200.98403365195668,51343900,-0.001876387274952318,222.31312225341796,227.01856300354004
2025-04-16,193.42697143554688,199.82906121923162,191.5352073519423,197.49921927320653,59732400,-0.038933400859441525,221.55095794677734,226.94068008422852
2025-04-17,196.1251983642578,197.9671763411939,193.5763099497932,196.34424488667963,52164700,0.013949589908199611,220.84932220458984,226.84587348937987
2025-04-21,192.32177734375,192.958999427942,188.98630873883343,192.43130060162235,46742500,-0.019392821790516823,220.05669952392577,226.7145848083496
2025-04-22,198.8732452392578,200.715208155226,195.1196006832811,195.26894368988752,52976400,0.034065138051412314,219.506298828125,226.60970252990722
2025-04-23,203.712158203125,207.0973980558543,201.91996614297287,205.10607692070187,52929200,0.02433164379675934,219.04730010986327,226.50524864196777
2025-04-24,207.4657745361328,207.92378505310097,202.0593452871763,204.00088023313933,47311000,0.01842607906232585,218.5644046020508,226.41221954345704
2025-04-25,208.371826171875,208.8397878176709,205.30519003897632,205.47445049920006,38222300,0.004367234247518725,218.01499938964844,226.31945388793946
2025-04-28,209.2281036376953,210.5822025692478,206.55974070372147,209.08871177088434,38743100,0.004109372565147096,217.38992370605467,226.2096346282959
2025-04-29,210.29345703125,211.31898611202763,207.46576971677675,207.78438836336602,36827600,0.005091827412437189,216.72502166748046,226.13198448181151
2025-04-30,211.57785034179688,212.65316547487808,205.7731479657814,208.39173986928208,52286500,0.006107623740076784,216.08839630126954,226.0460203552246
2025-05-01,212.39431762695312,213.62892699621815,207.99348458901505,208.17271138967982,57365700,0.003858944988037516,215.46013488769532,225.94498657226563
2025-05-02,204.45889282226562,206.0917754590827,201.2827333487594,205.19567188008233,101010600,-0.03736175662959673,214.65404846191407,225.80219177246093
2025-05-05,198.02691650390625,203.21431440062256,197.34987465543003,202.21865389928206,69018500,-0.03145853051229541,213.72489807128906,225.6567091369629
2025-05-06,197.64854431152344,199.77925700053618,196.165020010421,197.3498583398735,51216500,-0.0019107109228524433,212.7573147583008,225.5326544189453
2025-05-07,195.3983612060547,198.5745204381265,192.4113798882551,198.30568786560423,68536700,-0.011384769431552866,211.7459225463867,225.39670379638673
2025-05-08,196.63299560546875,199.18188402861682,193.83517686729027,196.86199326420865,50478900,0.006318550430994163,210.89224365234375,225.26866287231445
2025-05-09,197.66848754882812,199.66975978270045,196.68277813613466,198.13644922219603,36453900,0.005266114876452566,210.12020874023438,225.14058967590333
2025-05-12,210.15048217773438,210.62903686932515,206.12274573806786,210.32994399020487,63775800,0.0631461027687732,209.5074075317383,225.10702827453613
2025-05-13,212.28399658203125,212.75257189298435,208.36592688565332,209.79158118866218,51909300,0.010152317435524472,209.0131460571289,225.0893440246582
2025-05-14,211.68582153320312,213.29093762104833,209.94113079478424,211.78550901932945,49325800,-0.0028178056681582575,208.54873901367188,225.06633697509767
2025-05-15,210.80848693847656,212.31391554357438,208.90427796298633,210.31000386923802,45029500,-0.004144512789624688,208.07056854248046,225.03755393981933
2025-05-16,210.6190643310547,211.92510277199543,209.1335944967917,211.71573318604425,54737900,-0.000898553042967154,207.5967739868164,225.00504524230956
2025-05-19,208.14657592773438,208.84444913775627,203.6402850091008,207.27922031045682,46140500,-0.01173914816862931,206.9990542602539,224.94390007019044
2025-05-20,206.232421875,207.83753801206538,204.40797196423648,207.03996203611737,42496600,-0.00919618323867577,206.5938458251953,224.89164131164551
2025-05-21,201.4768829345703,206.41186226922272,200.10108001028593,204.5475404614086,59211800,-0.023059123765283074,206.2257501220703,224.80816246032714
2025-05-22,200.7490997314453,202.1348820380274,199.09413231135568,200.1010778345708,46742400,-0.003612241724830323,205.9199639892578,224.77358825683595
2025-05-23,194.67758178710938,197.10020219746903,192.8730755135501,193.0824298832746,78432900,-0.030244309700308447,205.6381137084961,224.71877830505372
2025-05-27,199.60260009765625,200.1309909415137,196.83102019804124,197.6983910952664,56288500,0.02529833309688767,205.37889434814454,224.67574264526368
2025-05-28,199.81195068359375,202.11494001836002,199.2935240345892,199.98143310081724,45339700,0.0010488369682313259,205.11370635986327,224.61643783569335
2025-05-29,199.3433837890625,203.19167383577107,197.90775006205254,202.9623758748587,51396800,-0.0023450393879255182,204.86523376464845,224.540252532959
2025-05-30,200.24066162109375,201.3472946799051,196.18300200128658,198.7651407343476,70819900,0.004501166855784389,204.58392791748048,224.46090393066407
2025-06-02,201.08807373046875,201.51677709467234,199.51286535414474,199.67238359256916,35423300,0.004231968185255619,204.34227111816406,224.36721435546875
2025-06-03,202.65330505371094,203.1517881077627,200.35031577799097,200.73913195165156,46381600,0.0077838098212634765,204.04888122558594,224.27911567687988
2025-06-04,202.20468139648438,205.6143037964219,201.48686455307688,202.29440469878628,43604000,-0.0022137495221588033,203.69753204345704,224.17387168884278
2025-06-05,200.02133178710938,204.12882762641604,199.54277706238673,202.88261988754903,55126100,-0.010797720380636866,203.2423779296875,224.05110427856445
2025-06-06,203.30133056640625,205.07592905349443,201.4370087789868,202.3841235560851,46607700,0.01639824487714092,202.89703155517577,223.94553176879882
2025-06-09,200.83883666992188,205.37503589356555,199.4131823149893,203.76991971327615,72862600,-0.012112532119803454,202.45623657226562,223.8245669555664
2025-06-10,202.05511474609375,203.73002568042446,199.96149509379936,199.9914028593682,54672600,0.006055990446562909,202.1582504272461,223.71023010253907
2025-06-11,198.1769256591797,203.8795731269679,197.80805305990708,202.88260699920767,60989900,-0.019193718960232586,201.69846771240233,223.5857911682129
2025-06-12,198.5956573486328,199.07419684911244,196.7612432530472,198.47602627663701,43904600,0.0021129184846335747,201.22595153808595,223.45197135925292
2025-06-13,195.85398864746094,199.76209396079906,195.1062640673262,199.12403626091725,51447300,-0.013805280225029803,200.68466278076173,223.30275413513183
2025-06-16,197.81802368164062,198.08720880439395,195.96366601516638,196.701426450214,43020700,0.01002805736938539,200.5948580932617,223.15913482666016
2025-06-17,195.0464630126953,197.7881200100286,194.61777485692886,196.60172782081946,38856200,-0.014010657964138473,200.74453674316408,223.00930755615235
2025-06-18,195.9835968017578,196.97059871241268,194.4781834746436,195.34553910938874,45394700,0.004804669485349855,201.05075744628905,222.84777359008788
2025-06-20,200.39019775390625,201.08807102199273,196.2627584683704,197.63857663438114,96813500,0.02248453964545738,201.62512573242188,222.7121969604492
2025-06-23,200.888671875,201.686247808318,198.3563846401482,201.01828233775666,55814300,0.0024875174867879934,201.68315734863282,222.61005935668945
2025-06-24,199.6923065185547,202.82277936444737,199.59260382672892,201.9753521214132,54064000,-0.0059553649555199595,201.88513000488283,222.51147712707518
2025-06-25,200.94850158691406,203.05210084338043,200.01135094007643,200.83883469818846,39525700,0.006290653306879612,201.9582977294922,222.41157592773436
2025-06-26,200.39019775390625,202.025221644493,198.85487656411598,200.81888589983927,50799100,-0.0027783428520183895,201.9332781982422,222.3166323852539
2025-06-27,200.46995544433594,202.60346239871808,199.39323017588663,201.2774955925489,73188600,0.00039801193533239854,201.91742095947265,222.2216404724121
2025-06-30,204.5475311279297,206.76079706763053,198.65545787730727,201.39711462840114,91912800,0.020340083752480087,202.1398321533203,222.15101036071778
2025-07-01,207.1894989013672,209.5523036527052,205.5145879695679,206.04297877714563,78788900,0.012916155765209991,202.3611181640625,222.08092323303222
2025-07-02,211.7954864501953,212.69274987948137,207.5085290616707,208.2761972389462,67941800,0.022230796315699353,202.7505923461914,222.03331970214845
2025-07-03,212.90213012695312,213.9987837940836,211.16740350258758,211.5063683517463,34955800,0.005225057886292905,203.0311700439453,221.99259063720703
2025-07-07,209.3130340576172,215.57398008038285,208.16652910348648,212.03474730839852,50229000,-0.01685796223455238,203.14318756103515,221.9646142578125
2025-07-08,209.3728485107422,210.78853856973336,207.81758380403343,209.46258702266434,42848900,0.00028576554438819457,203.18132904052734,221.93460243225098
2025-07-09,210.4994354248047,210.6888614301138,206.59132988433592,208.8943192909964,48749400,0.005380768910944633,203.22388122558593,221.89085067749022
2025-07-10,211.76556396484375,212.83230973607434,209.3927798795442,209.87131932773667,44443600,0.006014878555298253,203.2746304321289,221.81279655456544
2025-07-11,210.51937866210938,211.48643705736623,209.2233196075129,209.931172276849,39765800,-0.005884740084281415,203.2791488647461,221.73183967590333
2025-07-14,207.98707580566406,210.27013683517245,206.91035052542594,209.29309904361602,38840100,-0.012028834934525112,203.20733337402345,221.6468148803711
2025-07-15,208.4755859375,211.24715053377864,208.28615994072268,208.5852528191871,42296300,0.0023487523440752778,203.12895874023437,221.55976196289063
2025-07-16,209.5224151611328,211.7556096589697,208.0070223143888,209.66198981724762,47490500,0.005021351631776527,203.23022918701173,221.48291053771973
2025-07-17,209.38284301757812,211.1574416148312,208.95413964633332,209.93117746335784,48068100,-0.0006661442091880909,203.45734771728516,221.39964881896972
2025-07-18,210.539306640625,211.1474566075158,209.06380098140497,210.23024956462245,48974600,0.00552320145423657,203.7151629638672,221.32082824707032
2025-07-21,211.83535766601562,215.12534891613055,210.98794558852114,211.45652088357517,51377400,0.006155862513610666,204.04390289306642,221.22260787963867
2025-07-22,213.74954223632812,214.29787667610697,211.5861274580158,212.49337032996837,46404100,0.009036190140318423,204.3862338256836,221.16768684387208
2025-07-23,213.5002899169922,214.4972560435483,211.76557859278188,214.3477172095632,46989300,-0.001166095219330865,204.70286987304686,221.1086882019043
2025-07-24,213.11148071289062,215.03563331063384,212.8821827557749,213.25105536667797,46022600,-0.0018211179209767225,204.76208984375,221.05325927734376
2025-07-25,213.23110961914062,214.58698409364732,212.75255494872997,214.0486138925591,40268800,0.0005613442591165807,204.7810321044922,220.99281532287597
2025-07-28,213.40061950683594,214.1981955143971,212.41361748607306,213.38067592321022,37858000,0.0007949585217563726,204.81532806396484,220.95860221862793
2025-07-29,210.62904357910156,214.1582970701604,210.18041185237743,213.53020352524888,51411700,-0.012987665800312187,204.81173919677735,220.89026420593262
2025-07-30,208.415771484375,211.74563469104578,207.0898047125579,211.25711581327238,45512500,-0.010507915039244642,204.76767333984375,220.79213310241698
2025-07-31,206.94027709960938,209.20337937318874,206.5315173151756,207.85748415888986,80698400,-0.007079571638254123,204.74354736328124,220.68910820007324
2025-08-01,201.76602172851562,212.93203997684435,200.88868661623732,210.23025491744008,104434500,-0.02500361671306328,204.65421936035156,220.5676132965088
2025-08-04,202.7330780029297,207.24933356384108,201.06813110178,203.8895472057539,75109300,0.004792959023176335,204.67934326171874,220.4323260498047
2025-08-05,202.3043670654297,204.71702329589334,201.54667827641916,202.78290655256814,44155100,-0.0021146570738387327,204.71044860839845,220.28222846984863
2025-08-06,212.60302734375,214.72657006985978,204.96626313259566,205.00615029681612,108483100,0.050906762062084,205.06895751953124,220.19390655517577
2025-08-07,219.36245727539062,220.1799768073744,215.92292715514498,218.2159523061407,90224800,0.03179366736256095,205.46415466308594,220.1375439453125
2025-08-08,228.65420532226562,230.29919347638386,218.58484056145957,220.16004899168945,113854000,0.04235796846134887,206.0409997558594,220.1134831237793
2025-08-11,226.74781799316406,229.12329528601256,224.3324234952035,227.4864157407103,61806100,-0.008337425180589553,206.5890884399414,220.07253875732422
2025-08-12,229.21310424804688,230.36092560837628,226.63802588155738,227.57622481823222,55626200,0.010872370357086103,207.16853729248047,220.0470004272461
2025-08-13,232.88612365722656,234.55294488479396,229.99163136972763,230.6304284784954,69878500,0.016024473911425474,207.80449829101562,220.06516082763673
2025-08-14,232.33717346191406,234.67271834509882,230.41085227691244,233.61473725595164,51916300,-0.002357161460252888,208.39817565917969,220.0815202331543
2025-08-15,231.1494140625,233.834298979768,228.9036945156081,233.5548328767578,56038700,-0.005112222817020617,208.9770703125,220.08776824951173
2025-08-18,230.45074462890625,232.67649791960375,229.6722297518056,231.2592012143754,37476200,-0.0030225879499951036,209.58565856933595,220.0806378173828
2025-08-19,230.1213836669922,232.42698672077375,228.9136940815642,230.84001516813981,39402600,-0.0014292032878627792,210.12205963134767,220.07051933288574
2025-08-20,225.5800323486328,230.0315543310328,225.3404986724704,229.54248102593337,42263900,-0.019734590701623533,210.61688354492188,220.05542770385742
2025-08-21,224.47213745117188,226.08906587116957,223.3542730460458,225.8395414786139,30621200,-0.004911316333835347,211.06522399902343,220.0556098175049
2025-08-22,227.3267059326172,228.65417758009713,224.98118568943215,225.73973438952316,42477800,0.012716805363276906,211.6482196044922,220.08496696472167
2025-08-25,226.7278594970703,228.86378779922748,225.79962078901826,226.0491451945495,30983100,-0.002634298654397349,212.21086364746094,220.11580055236817
2025-08-26,228.87376403808594,229.0534295301293,224.26255788237486,226.43840339540802,54575100,0.009464670754514737,212.87125915527344,220.15021057128905
2025-08-27,230.05152893066406,230.46073738560713,227.82576024347395,228.17510050695543,31259500,0.005145914812595631,213.5159292602539,220.1941357421875
2025-08-28,232.11758422851562,232.9659733126178,228.90370861616245,230.3809040856524,38074700,0.008980837064874514,214.25735168457032,220.2247463989258
2025-08-29,231.69837951660156,232.9360260407387,230.92984008944924,232.0676707602769,39418400,-0.0018060015285242814,214.9716473388672,220.2546036529541
2025-09-02,229.28298950195312,230.4108447009183,226.53822101083426,228.81388239599917,44075600,-0.010424716908628007,215.54950317382813,220.28595985412596
2025-09-03,238.01634216308594,238.395624134605,233.9141603097862,236.75874463665696,66427800,0.03808984120498149,216.29205657958985,220.3609828186035
2025-09-04,239.3238525390625,239.4436193831587,236.28964239378743,237.9963808412042,47549400,0.005493363876168944,217.0846875,220.43811752319337
2025-09-05,239.2340087890625,240.86091270031892,238.03629475202086,239.54341659874092,54870400,-0.00037540658420298634,217.85039764404297,220.49938720703125
2025-09-08,237.42745971679688,239.69313028194867,235.89038089866295,238.84475646782593,48999500,-0.007551389041256629,218.5911428833008,220.56763664245605
2025-09-09,233.9041748046875,238.3257397896772,232.9160527142261,236.54912730927947,66313900,-0.014839416284502027,219.2598272705078,220.60325172424317
2025-09-10,226.35855102539062,231.97784546194652,225.52015268533836,231.7482872752143,83440800,-0.03225946602106422,219.69604766845703,220.59984573364258
2025-09-11,229.59239196777344,230.01159113632517,226.21881717306923,226.44839058875493,50208600,0.014286365271970913,220.14410552978515,220.60902854919433
2025-09-12,233.62472534179688,234.0638755168574,228.58432913969838,228.78394562468256,55824200,0.01756300955560164,220.58069030761717,220.6407598876953
2025-09-15,236.24969482421875,237.7368657054393,234.58287368836292,236.54912714503797,42699500,0.01123583763910907,221.0476416015625,220.67890274047852
2025-09-16,237.6969451904297,240.76111223381088,235.87043992435724,236.72878926810645,63421100,0.006125935389198034,221.61531982421874,220.70936347961427
2025-09-17,238.5353546142578,239.6432435766681,237.27774187166392,238.5153883976145,46508000,0.003527220020250743,222.19856994628907,220.7331256866455
2025-09-18,237.42745971679688,240.74113579799257,236.199788714976,239.5134800259323,44249600,-0.004644573125239804,222.7371304321289,220.75199493408203
2025-09-19,245.032958984375,245.83144010441063,239.7530294205925,240.77107799962133,163741300,0.03203293872010393,223.40247833251954,220.79695693969725
2025-09-22,255.5928192138672,256.15178189089505,247.64797087114997,247.82763635806887,105517400,0.04309567281585802,224.3039471435547,220.88347969055175
2025-09-23,253.9459686279297,256.8504363399061,253.0975947938589,255.39322235208516,60275200,-0.006443258425658294,225.223125,220.9465512084961
2025-09-24,251.8300018310547,255.2534845023776,250.56241362070242,254.73446948849343,42303700,-0.008332350414175016,226.0902133178711,220.99725265502929
2025-09-25,256.3813171386719,256.6807646844572,251.2311452680336,252.72829161839874,55202100,0.018072966979806315,227.02739135742186,221.07056159973143
2025-09-26,254.97401428222656,257.10994249251326,253.2972024297037,253.61660096533106,46076300,-0.005489100657377954,227.93921478271486,221.13782852172852
2025-09-29,253.9459686279297,254.5148915782133,252.52867184357527,254.0757261912774,40127700,-0.004031962461707783,228.80734802246093,221.1805113220215
2025-09-30,254.14559936523438,255.4331385813304,252.6284867333586,254.37515755125318,37704300,0.0007861150085717306,229.65355285644532,221.2191199493408
2025-10-01,254.9640350341797,258.29769267334166,254.44502000530687,254.55481135314994,48713900,0.0032203416899190263,230.47784271240235,221.26818595886232
2025-10-02,256.6408386230469,257.68882891050583,253.66649683440303,256.09186667190835,42630200,0.00657662791005964,231.34065368652344,221.31832595825196
2025-10-03,257.5291442871094,258.7468246365968,253.46689477740222,254.18552630266564,49155600,0.003461279462880995,232.2290069580078,221.37206214904785
2025-10-06,256.2016906738281,258.5771679771474,254.56481112131073,257.49920544747016,44664100,-0.005154576259537191,233.08841857910156,221.4046901702881
2025-10-07,255.99208068847656,256.91031341337026,254.94405994391948,256.3214394907812,31955800,-0.0008181444267610916,233.94024780273438,221.424136428833
2025-10-08,257.5690612792969,258.0281776413904,255.62275879770374,256.03198246417537,36496900,0.006160270999708617,234.8790481567383,221.47847007751466
2025-10-09,253.55670166015625,257.50917476461467,252.65841993311406,257.3195337882977,38322000,-0.015577801150541859,235.7818667602539,221.5040891265869
2025-10-10,244.80340576171875,255.8922708493858,243.53581752909898,254.45500785015722,61999100,-0.034522045132806656,236.5391293334961,221.4625693511963
2025-10-13,247.18885803222656,249.2149949644775,245.09284695690994,248.90558714178317,38142900,0.009744359001401026,237.4475860595703,221.42909797668457
2025-10-14,247.29864501953125,248.37659224814226,244.23447809703134,246.13087266264282,35478000,0.0004441421356069508,238.33889739990235,221.38160514831543
2025-10-15,248.8656463623047,251.3409393203658,246.99920876557604,249.01537013681215,33893600,0.006336473629484196,239.27012298583983,221.337869720459
2025-10-16,246.979248046875,248.56621957555782,244.66366953460536,247.7777291727393,39777000,-0.007579986804138628,239.95764739990236,221.30175910949708
2025-10-17,251.81002807617188,252.89796599708643,246.79958926324147,247.5481624372989,49147000,0.019559457191237417,240.60659881591798,221.30666023254395
2025-10-20,261.7411193847656,263.87706298772724,255.14370850365398,255.4032084113237,90483000,0.0394388237214669,241.26833709716797,221.37006858825683
2025-10-21,262.2701110839844,264.7853366806196,261.33189684706855,261.38182000576944,46695900,0.002021049273656983,241.97878295898437,221.46879333496094
2025-10-22,257.9583435058594,262.349966966352,254.94406918261987,262.15033525743416,45015300,-0.016440179021178225,242.55368774414063,221.54839591979982
2025-10-23,259.0861511230469,260.12418111371363,257.51916110368444,259.4454820834593,32754900,0.004372053262009956,243.07768829345704,221.62548210144044
2025-10-24,262.32000732421875,263.6275126875418,258.68691759501684,260.69310343226954,38253700,0.012481779466614773,243.67734497070313,221.7326117706299
2025-10-27,268.2986145019531,268.60802232244004,264.1465248140549,264.37609822840903,44888200,0.02279127405766279,244.42032897949218,221.86719779968263
2025-10-28,268.4882507324219,269.3765722048576,267.63986169210665,268.4782600095115,41534800,0.0007068103233436318,245.1810791015625,222.0318229675293
2025-10-29,269.1869201660156,270.8936584399069,266.6018207191691,268.76770579477784,51086700,0.0026022346664624774,245.96238983154296,222.21212509155274
2025-10-30,270.8836669921875,273.6184749716116,267.969239224885,271.4725408872279,69886500,0.006303229091240592,246.86846252441407,222.4064804840088
2025-10-31,269.85565185546875,276.79244258078194,268.647962249571,276.4630533049319,86167100,-0.003795042898427692,247.7761328125,222.57287055969238
2025-11-03,268.53814697265625,270.33474092754267,265.74348587775046,269.90556627002525,50194600,-0.004882257880291285,248.6003616333008,222.7804620361328
2025-11-04,269.5262756347656,270.9734988318123,267.11086611942017,267.8195068636227,49274800,0.003679658451690937,249.45632995605467,222.9844408416748
2025-11-05,269.6260986328125,271.18312844251227,266.4221834255846,268.0989800730272,43683100,0.0003703646251622672,250.2713766479492,223.22541946411133
2025-11-06,269.25677490234375,272.8798740142925,267.38037702601645,267.38037702601645,51204000,-0.0013697625428008564,251.0554815673828,223.45863372802734
2025-11-07,267.9592590332031,271.7719991063764,266.26248096015127,269.28671541495146,48227400,-0.0048188791892468386,251.77231506347655,223.6862057495117
2025-11-10,269.1781311035156,273.4741297822401,267.20997142836535,268.7085692371889,41312400,0.004548721603090611,252.52191009521485,223.92424819946288
2025-11-11,274.99267578125,275.65206242273547,269.5477586519058,269.55775905965567,46208300,0.02160110352909128,253.43610382080078,224.15615577697753
2025-11-12,273.21435546875,275.4722525277038,271.4460210796085,274.74292397164845,48398000,-0.0064667915516215535,254.14006408691407,224.33739990234375
2025-11-13,272.6948547363281,276.4413491841305,271.83564282199285,273.85374352181776,49602800,-0.0019014401037990014,254.80748413085936,224.51057640075683
2025-11-14,272.15533447265625,275.70200347225597,269.3479639093673,270.7965900477885,47431300,-0.00197847614027602,255.46591064453125,224.6898572540283
2025-11-17,267.2099609375,270.2371271729127,265.48159771217263,268.5687054184609,45018300,-0.01817114312581336,256.06156066894533,224.85231796264648
2025-11-18,267.19000244140625,270.4569347049811,265.0719890725528,269.7376065335732,45677300,-7.469218596389826e-05,256.7272772216797,225.05441192626952
2025-11-19,268.3089294433594,271.9555110777923,265.2517925781922,265.2817633125939,40424500,0.004187757744410714,257.56628479003905,225.23828063964845
2025-11-20,266.0010986328125,275.17250947675234,265.67142054546326,270.5768036466949,45823600,-0.00860139398019577,258.29445892333985,225.41225120544433
2025-11-21,271.2361755371094,273.0744516711978,265.4216397990326,265.70137680880595,59030800,0.01968065895668869,259.04668792724607,225.6086675262451
2025-11-24,275.6620788574219,276.7410558404627,270.64675212306133,270.64675212306133,65585800,0.016317525903571717,259.83493560791015,225.85501152038574
2025-11-25,276.7110900878906,280.1179060838009,274.9926967216935,275.012667049666,46914200,0.0038054245067611348,260.6152185058594,226.10525650024414
2025-11-26,277.29052734375,279.26868736786383,276.3714044558947,276.70108254872224,33431400,0.002094015298321983,261.3903219604492,226.3336563873291
2025-11-28,278.5893249511719,278.73917862681736,275.73198274965245,277.0008150112318,20135600,0.0046838874009274,262.2135592651367,226.547392578125
2025-12-01,282.8353576660156,283.1550658399818,275.88187257202503,277.75011957449965,46587700,0.01524118957389331,262.9696072387695,226.75915992736816
2025-12-02,285.9224548339844,287.1313151163589,282.36578537497866,282.7354345985028,53669500,0.010914820528252767,263.5761999511719,226.97107940673828
2025-12-03,283.8843688964844,288.35019153510143,283.0351573834178,285.9324708384744,43538700,-0.007128107299873898,264.17496795654296,227.17345565795898
2025-12-04,280.4375915527344,284.46382276925783,278.32954829392816,283.83440686502166,43989100,-0.012141483369261685,264.74711975097654,227.35660667419432
2025-12-05,278.5193786621094,280.8771882481053,277.79005013345267,280.27774306596746,47265800,-0.006840070477014848,265.1898809814453,227.52538749694824
2025-12-08,277.6302185058594,279.4085531850005,275.8918244790692,277.86998437615557,38211800,-0.0031924534677664207,265.643005065918,227.69111640930177
2025-12-09,276.9208679199219,279.7682096639769,276.6611317163261,277.8999627322321,32193300,-0.0025550193698475887,266.1025030517578,227.84558219909667
2025-12-10,278.5193786621094,279.48847306800184,276.1815698919154,277.490342786908,33038300,0.005772445948890148,266.5899786376953,228.00833923339843
2025-12-11,277.77008056640625,279.3286197507982,273.5540244422053,278.83908758708685,33248000,-0.0026902907054526803,267.04609954833984,228.2006049346924
2025-12-12,278.0198669433594,278.9589906850317,276.5612402656973,277.64021728323,39532900,0.0008992558753764257,267.4736801147461,228.4093531036377
2025-12-15,273.8537292480469,279.8880911943856,272.5849275039148,279.8880911943856,50409100,-0.014985035929685031,267.8001718139648,228.57466903686523
2025-12-16,274.353271484375,275.2424541197232,271.53593087885605,272.5649667835892,37648600,0.0018241206270945831,268.16320343017577,228.76145004272462
2025-12-17,271.58587646484375,275.90184538512057,271.38608172110213,274.75292651919426,50138700,-0.010086976563313366,268.47507934570314,228.94484855651856
2025-12-18,271.935546875,273.374203136776,266.7004552212896,273.35420232069225,51630700,0.0012875132341483297,268.76240905761716,229.13094123840332
2025-12-19,273.4141845703125,274.34330788170604,269.64768928264715,271.8955859651445,144632000,0.005437456457254575,269.1595587158203,229.3264682006836
2025-12-22,270.7166748046875,273.62395794129594,270.25711338978425,272.6048920133635,36571800,-0.0098660198257976,269.6778240966797,229.48988876342773
2025-12-23,272.1053771972656,272.2452609569047,269.30800689497966,270.5868091030317,29642000,0.005129726100470355,270.1761544799805,229.7179514312744
2025-12-24,273.55401611328125,275.17249671786806,271.9455359163183,272.085389177814,17910600,0.0053238158353827725,270.70126190185545,229.9863131713867
2025-12-26,273.1444091796875,275.1125687682936,272.6049054553,273.9037084592662,21521800,-0.0014973530252399003,271.1868371582031,230.2718431854248
2025-12-29,273.50408935546875,274.10350406329195,272.0954038139857,272.4350823114352,23715200,0.0013168132449112857,271.717333984375,230.59551315307618
2025-12-30,272.82470703125,273.82377221524894,272.02546707967076,272.5549704076282,22139600,-0.002483993295382736,272.13762756347654,230.89681884765625
2025-12-31,271.6058349609375,273.42414083736213,271.49595243002375,272.80472532736104,27293600,-0.004467601499789753,272.334921875,231.18949127197266
2026-01-02,270.75665283203125,277.58025431004916,268.7485221479618,272.0054842546519,37838100,-0.003126523879828924,272.50465270996096,231.48443946838378
2026-01-05,267.0101623535156,271.25618925068443,265.89121426121545,270.38700744645297,45647200,-0.013837113287258118,272.68568908691407,231.7479605102539
2026-01-06,262.1147155761719,267.2998660934885,261.8749496989937,266.7503924619391,52352100,-0.018334308830022295,272.7462603759766,231.9926795196533
2026-01-07,260.08660888671875,263.4334831315393,259.56710600115036,262.95395138764474,48309800,-0.00773747740562758,272.70159240722654,232.20649856567383
2026-01-08,258.7978515625,259.0476178563403,255.46096229095477,256.7797203952787,50419300,-0.004955108337700187,272.5115771484375,232.40162712097168
2026-01-09,259.1275329589844,259.9667440583015,255.98048371428257,258.8377955175017,39997000,0.0012738954148727721,272.32436279296877,232.58336959838869
2026-01-12,260.0067138671875,261.05572011368304,256.5599267903311,258.9177364764393,45263800,0.0033928502238405045,272.1407586669922,232.78055992126465
2026-01-13,260.8059387207031,261.56523797230057,258.148452318208,258.4781303943212,45730800,0.0030738623692765366,271.9392041015625,232.97019668579102
2026-01-14,259.71697998046875,261.57525710051715,256.4700180914029,259.247418118488,40019400,-0.0041753602144793955,271.7364306640625,233.184009475708
2026-01-15,257.9685974121094,260.7959687899761,256.8096782083212,260.40631875644857,39388600,-0.00673187624656213,271.52503967285156,233.3680221557617
2026-01-16,255.29112243652344,258.6579671912775,254.69167723491495,257.6589020182799,72142800,-0.010379073276537754,271.2403366088867,233.53337043762207
2026-01-20,246.46937561035156,254.55180921698133,243.19244305608962,252.49373739571587,80267500,-0.03455563492367564,270.7772021484375,233.65112518310548
2026-01-21,247.41848754882812,251.3248360900433,244.9507953165175,248.46750904444812,54641700,0.003850831106810837,270.3404364013672,233.8766763305664
2026-01-22,248.1178436279297,250.76536025794266,247.9180183962477,248.96703988447874,39708300,0.0028266120532465244,269.94360809326173,234.17945289611816
2026-01-23,247.80812072753906,249.17685039145397,244.45126111041233,247.08880782235642,41689000,-0.001248289505752287,269.5162078857422,234.51513069152833
2026-01-26,255.17123413085938,256.32015295784896,249.5664780183616,251.24490015634893,55969200,0.029712962519965025,269.1197790527344,234.9326279449463
2026-01-27,258.0285339355469,261.70511669708895,257.96859246831417,258.92771692213245,49648300,0.011197578028024013,268.8160626220703,235.23283515930177
2026-01-28,256.2002868652344,258.61800761819165,254.27208306792676,257.409147241713,41288000,-0.007085445328186779,268.4861712646484,235.56586822509766
2026-01-29,258.0385437011719,259.4072580677027,254.17216647920577,257.75880668092503,67253000,0.007175077196164281,268.20383544921873,235.8696103668213
2026-01-30,259.2374267578125,261.6551472598355,251.94423313215475,254.93144331105526,92443400,0.0046461394466286166,268.044384765625,236.15759162902833
2026-02-02,269.7575988769531,270.2371306501278,258.9676766447768,259.7869174093499,73913400,0.04058122413384724,268.0957366943359,236.50006553649902
2026-02-03,269.22808837890625,271.6258386480508,267.3598109321867,268.9483513556569,64394700,-0.0019629122599374993,268.1141198730469,236.87907112121582
2026-02-04,276.23150634765625,278.68922850453845,272.03545112075,272.03545112075,90545700,0.026012954335186356,268.31872802734375,237.2796026611328
2026-02-05,275.6520690917969,279.2387093202658,272.97458180817284,277.86999494352693,52977400,-0.0020976508564164442,268.4070458984375,237.69625411987306
2026-02-06,277.8599853515625,280.6473855638201,276.67109542368036,276.8609202349588,50453400,0.008009793893585249,268.4510040283203,238.09118782043458
2026-02-09,274.6199951171875,278.20001220703125,271.70001220703125,277.9100036621094,44623400,-0.01166051394653178,268.40918212890625,238.44572700500487
2026-02-10,273.67999267578125,275.3699951171875,272.94000244140625,274.8900146484375,34376900,-0.003422920610733904,268.3369714355469,238.77679809570313
2026-02-11,275.5,280.17999267578125,274.45001220703125,274.70001220703125,51931300,0.0066501292492171515,268.27518493652343,239.11243896484376
2026-02-12,261.7300109863281,275.7200012207031,260.17999267578125,275.5899963378906,81077200,-0.049981811301894274,267.8530780029297,239.3749485015869
2026-02-13,255.77999877929688,262.2300109863281,255.4499969482422,262.010009765625,56290700,-0.022733396848946263,267.25022888183594,239.60238121032714
2026-02-17,263.8800048828125,266.2900085449219,255.5399932861328,258.04998779296875,58469100,0.031667863563111576,266.8501416015625,239.86389198303223
2026-02-18,264.3500061035156,266.82000732421875,262.45001220703125,263.6000061035156,34203300,0.0017811172199722058,266.5283898925781,240.12367042541504
2026-02-19,260.5799865722656,264.4800109863281,260.04998779296875,262.6000061035156,30845300,-0.014261469431454121,266.16960205078124,240.40427589416504
2026-02-20,264.5799865722656,264.75,258.1600036621094,258.9700012207031,42070500,0.015350373037534393,265.9085974121094,240.73704124450683
2026-02-23,266.17999267578125,269.42999267578125,263.3800048828125,263.489990234375,37308200,0.006047343656806037,265.69377990722654,241.0796984863281
2026-02-24,272.1400146484375,274.8900146484375,267.7099914550781,267.8599853515625,47014600,0.022390946489790453,265.5661926269531,241.46340675354003
2026-02-25,274.2300109863281,274.94000244140625,271.04998779296875,271.7799987792969,33714300,0.007679856784716499,265.4953912353516,241.85139183044433
2026-02-26,272.95001220703125,276.1099853515625,270.79998779296875,274.95001220703125,32345100,-0.004667610137537803,265.393994140625,242.22779945373534
2026-02-27,264.17999267578125,272.80999755859375,262.8900146484375,272.80999755859375,72366500,-0.03213049693728531,265.20051940917966,242.4979470062256
2026-03-02,264.7200012207031,266.5299987792969,260.20001220703125,262.4100036621094,41827900,0.002044093269336189,265.00785400390623,242.76012702941895
2026-03-03,263.75,265.55999755859375,260.1300048828125,263.4800109863281,38568900,-0.0036642536122324376,264.85113647460935,243.02044792175292
2026-03-04,262.5199890136719,266.1499938964844,261.4200134277344,264.6499938964844,39803100,-0.004663548763329417,264.66282531738284,243.2790054321289
2026-03-05,260.2900085449219,261.55999755859375,257.25,260.7900085449219,49658600,-0.00849451684471103,264.400341796875,243.52736015319823
2026-03-06,257.4599914550781,258.7699890136719,254.3699951171875,258.6300048828125,41120000,-0.010872553678353492,264.1352081298828,243.77392723083497
2026-03-09,259.8800048828125,261.1499938964844,253.67999267578125,255.69000244140625,38218500,0.009399570838394267,263.89070068359376,244.04216514587404
2026-03-10,260.8299865722656,262.4800109863281,256.95001220703125,257.6499938964844,30590800,0.0036554627966916,263.63622009277344,244.3389306640625
2026-03-11,260.80999755859375,262.1300048828125,259.54998779296875,261.0899963378906,26218900,-7.663617950748325e-05,263.38953186035155,244.63923515319823
2026-03-12,255.75999450683594,258.95001220703125,254.17999267578125,258.6600036621094,40794000,-0.019362766377938656,263.0346499633789,244.94464721679688
2026-03-13,250.1199951171875,256.3299865722656,249.52000427246094,255.47999572753906,36930000,-0.022051921765652405,262.58055572509767,245.19723419189452
2026-03-16,252.82000732421875,253.88999938964844,249.8800048828125,252.11000061035156,32074200,0.01079486750256109,262.2048391723633,245.46227447509764
2026-03-17,254.22999572753906,255.1300048828125,252.17999267578125,252.9600067138672,32361600,0.005577044389181385,261.87430603027343,245.73670753479004
2026-03-18,249.94000244140625,254.94000244140625,249.0,252.6300048828125,35757900,-0.016874457610149385,261.53290283203125,245.9852042388916
2026-03-19,248.9600067138672,251.8300018310547,247.3000030517578,249.39999389648438,34864100,-0.0039209238936004365,261.26980865478515,246.2245639038086
2026-03-20,247.99000549316406,249.1999969482422,246.0,247.97999572753906,88331100,-0.003896213024359163,261.0278765869141,246.45124740600585
2026-03-23,251.49000549316406,254.60000610351562,250.27999877929688,253.97000122070312,40546100,0.01411347200480817,260.8817196655273,246.69767402648927
2026-03-24,251.63999938964844,254.8300018310547,249.5500030517578,250.35000610351562,45152300,0.0005964209042432778,260.73196899414063,246.95576736450195
2026-03-25,252.6199951171875,255.0,251.60000610351562,254.10000610351562,28476700,0.00389443542328749,260.5842346191406,247.20236068725586
2026-03-26,252.88999938964844,257.0,250.77000427246094,252.1199951171875,41796700,0.0010688159198788405,260.42591583251954,247.4626165008545
2026-03-27,248.8000030517578,255.49000549316406,248.07000732421875,253.89999389648438,47900000,-0.016173025219509918,260.2075762939453,247.69634094238282
2026-03-30,246.6300048828125,250.8699951171875,245.50999450683594,250.07000732421875,39446200,-0.008721857485242457,259.9808044433594,247.938606338501
2026-03-31,253.7899932861328,255.47999572753906,247.10000610351562,247.91000366210938,49598100,0.029031294901536553,259.9507818603516,248.2145780181885
2026-04-01,255.6300048828125,256.17999267578125,253.3300018310547,254.0800018310547,40059400,0.007250134541771258,260.1339944458008,248.51345809936524
2026-04-02,255.9199981689453,256.1300048828125,250.64999389648438,254.1999969482422,31289400,0.0011344258521832629,260.3040246582031,248.80396797180177
2026-04-06,258.8599853515625,262.1600036621094,256.4599914550781,256.510009765625,29329900,0.011487914987700076,260.5188674926758,249.1230355834961
2026-04-07,253.5,256.20001220703125,245.6999969482422,256.1600036621094,62148000,-0.020706117804507373,260.632705078125,249.4106175994873
2026-04-08,258.8999938964844,259.75,256.5299987792969,258.45001220703125,41032800,0.02130175107094434,260.7072802734375,249.7031665802002
2026-04-09,260.489990234375,261.1199951171875,256.07000732421875,259.0,28121600,0.006141353323192211,260.7565093994141,250.00117317199707
2026-04-10,260.4800109863281,262.19000244140625,259.0199890136719,259.9800109863281,31291500,-3.8309525974056235e-05,260.84210388183595,250.30511169433595
2026-04-13,259.20001220703125,260.17999267578125,256.6600036621094,259.7300109863281,36234700,-0.004914000020385667,260.86533325195313,250.5963692474365
2026-04-14,258.8299865722656,261.92999267578125,257.19000244140625,259.25,48370700,-0.001427567968129817,260.8571844482422,250.88856819152832
2026-04-15,266.42999267578125,266.55999755859375,257.80999755859375,258.1600036621094,49913500,0.029362927395561567,260.79063232421873,251.21836837768555
2026-04-16,263.3999938964844,267.1600036621094,261.2699890136719,266.79998779296875,43323100,-0.011372588907376024,260.6740704345703,251.51263069152833
2026-04-17,270.2300109863281,272.29998779296875,266.7200012207031,266.9599914550781,61436200,0.025930209749845057,260.5540405273438,251.82783325195314
2026-04-20,273.04998779296875,274.2799987792969,270.2900085449219,270.3299865722656,36590200,0.010435468645202839,260.5019989013672,252.134105758667
2026-04-21,266.1700134277344,272.79998779296875,265.3999938964844,271.5,50209800,-0.025196757637106715,260.2681994628906,252.4004451751709
2026-04-22,273.1700134277344,273.739990234375,266.8699951171875,267.82000732421875,43249200,0.026298980526972437,260.23919982910155,252.7197300720215
2026-04-23,273.42999267578125,275.7699890136719,271.6499938964844,275.04998779296875,33399600,0.0009517122497622044,260.23419982910156,253.04001579284667
2026-04-24,271.05999755859375,273.05999755859375,269.6499938964844,272.760009765625,38157100,-0.008667648687676,260.14539978027346,253.34281860351564
2026-04-27,267.6099853515625,268.3599853515625,265.07000732421875,266.0899963378906,41466800,-0.012727854490168666,260.26299926757815,253.62204071044923
2026-04-28,270.7099914550781,273.2300109863281,268.6600036621094,272.3399963378906,40018900,0.011584044965448959,260.56159912109376,253.92299377441407
2026-04-29,270.1700134277344,271.0400085449219,267.0400085449219,267.54998779296875,30047900,-0.0019946734305643643,260.68739929199216,254.23390846252443
2026-04-30,271.3500061035156,276.0,268.1400146484375,270.5,91848200,0.004367593060422559,260.8273992919922,254.5482805633545
2026-05-01,280.1400146484375,287.2200012207031,278.3699951171875,278.8599853515625,79915400,0.032393618379240596,261.2185998535156,254.901368560791
2026-05-04,276.8299865722656,280.6300048828125,274.8599853515625,279.6600036621094,46668400,-0.011815620415119188,261.46359985351563,255.23860427856445
2026-05-05,284.17999267578125,284.57000732421875,276.5,276.92999267578125,49311700,0.026550613950909296,261.82359985351565,255.60680770874023
2026-05-06,287.510009765625,288.0299987792969,281.07000732421875,281.9200134277344,58336100,0.01171798569803939,262.13099975585936,255.9851809692383
2026-05-07,287.44000244140625,292.1300048828125,285.7799987792969,289.2699890136719,45224300,-0.00024349525874178823,262.39519958496095,256.3536332702637
2026-05-08,293.32000732421875,294.760009765625,290.0,290.010009765625,52631200,0.02045645989726541,262.8025994873047,256.7527318572998
